{"train_acc": [0.2812500069849193, 0.33750000735744834, 0.28125000512227416, 0.28125000605359674, 0.2937500053085387, 0.30625000642612576, 0.3562500081025064, 0.2875000056810677, 0.35000000707805157, 0.29375000623986125, 0.25000000512227416, 0.3437500079162419, 0.2875000056810677, 0.2937500071711838, 0.24375000409781933, 0.3187500056810677, 0.3187500066123903, 0.3437500074505806, 0.3125000069849193, 0.30625000642612576, 0.27500000642612576, 0.36250000866129994, 0.32500000670552254, 0.28125000558793545, 0.3375000087544322, 0.30625000689178705, 0.23750000493600965, 0.3437500079162419, 0.29375000577419996, 0.28125000605359674, 0.3375000078231096, 0.2687500063329935, 0.2875000052154064, 0.3687500082887709, 0.28125000558793545, 0.29375000577419996, 0.2812500069849193, 0.36250000912696123, 0.3687500082887709, 0.3000000067986548, 0.3250000085681677, 0.25625000474974513, 0.3687500082887709, 0.26250000577419996, 0.312500006519258, 0.31875000754371285, 0.2875000066123903, 0.3250000076368451, 0.37500000931322575, 0.26875000493600965], "valid_acc": [0.281250006519258, 0.33750000642612576, 0.27500000642612576, 0.3562500085681677, 0.3437500074505806, 0.3000000067986548, 0.26250000577419996, 0.21875000419095159, 0.26875000540167093, 0.31875000707805157, 0.2812500046566129, 0.2687500058673322, 0.3000000067986548, 0.3187500066123903, 0.312500006519258, 0.33125000772997737, 0.2875000052154064, 0.3187500066123903, 0.3000000067986548, 0.30000000540167093, 0.35000000800937414, 0.2750000059604645, 0.2750000054948032, 0.3875000085681677, 0.356250009033829, 0.3437500079162419, 0.30625000642612576, 0.3062500059604645, 0.3125000069849193, 0.2937500081025064, 0.3375000087544322, 0.39375000819563866, 0.28125000558793545, 0.2625000048428774, 0.29375000623986125, 0.3437500074505806, 0.3250000076368451, 0.356250009033829, 0.31875000754371285, 0.36250000866129994, 0.2437500050291419, 0.37500000884756446, 0.3437500074505806, 0.2750000059604645, 0.3375000082887709, 0.3500000089406967, 0.33125000912696123, 0.34375000838190317, 0.29375000670552254, 0.3000000063329935]}