{
    "3": [
        0.9999366506484197,
        0.9998681186864156
    ],
    "4": [
        0.9998151826413364,
        0.9996454811768759
    ]
}