{
    "av_acc": 29514.83707634481,
    "bwt_plus": 31479.079293197632,
    "fwt": 2807.001701263428,
    "rem": 1.0
}