{"train_acc": [0.25625000381842256, 0.26875000447034836, 0.23125000344589353, 0.22500000381842256, 0.25625000474974513, 0.2500000046566129, 0.33125000772997737, 0.2625000039115548, 0.24375000363215804, 0.2625000048428774], "valid_acc": [0.2500000046566129, 0.20000000298023224, 0.2625000053085387, 0.2562500052154064, 0.2562500052154064, 0.1750000030733645, 0.3375000078231096, 0.36250000819563866, 0.2312500043772161, 0.3000000058673322]}