{"train_acc": [0.21875000465661287, 0.29375000623986125, 0.3187500056810677, 0.24375000456348062, 0.3125000079162419, 0.2937500071711838, 0.2312500039115548, 0.3562500071711838, 0.2625000053085387, 0.2312500043772161, 0.35000000754371285, 0.2687500058673322, 0.26875000540167093, 0.287500006146729, 0.2750000050291419, 0.31875000754371285, 0.22500000335276127, 0.2812500046566129, 0.22500000474974513, 0.24375000409781933, 0.29375000623986125, 0.412500009406358, 0.31250000605359674, 0.33750000689178705, 0.312500006519258, 0.31875000800937414, 0.2750000045634806, 0.3437500079162419, 0.3312500067986548, 0.3875000071711838, 0.31875000707805157, 0.33125000819563866, 0.32500000577419996, 0.2812500069849193, 0.2750000050291419, 0.3562500085681677, 0.35000000847503543, 0.318750006146729, 0.2625000048428774, 0.35000000754371285, 0.3687500092200935, 0.38125000754371285, 0.3687500087544322, 0.3000000063329935, 0.3000000072643161, 0.28125000605359674, 0.35625000949949026, 0.3375000087544322, 0.3125000069849193, 0.2687500063329935], "valid_acc": [0.0, 0.0, 0.0, 0.0, 0.0, 0.0, 0.0, 0.0, 0.0, 0.0, 0.0, 0.0, 0.0, 0.0, 0.0, 0.0, 0.0, 0.0, 0.0, 0.0, 0.0, 0.0, 0.0, 0.0, 0.0, 0.0, 0.0, 0.0, 0.0, 0.0, 0.0, 0.0, 0.0, 0.0, 0.0, 0.0, 0.0, 0.0, 0.0, 0.0, 0.0, 0.0, 0.0, 0.0, 0.0, 0.0, 0.0, 0.0, 0.0, 0.0]}